"date","vip_level","population","total_gem_used"
"2014-07-01","0","2652","735790"
"2014-07-01","1","2106","2255458"
"2014-07-01","2","25460","262245450"
"2014-07-01","3","11736","248461685"
"2014-07-01","4","1183","32344076"
"2014-07-01","5","2394","79028826"
"2014-07-01","6","1512","64025274"
"2014-07-01","7","1718","87999052"
"2014-07-01","8","2455","204513009"
"2014-07-01","9","1317","183474828"
"2014-07-01","10","1325","281421200"
"2014-07-01","11","1275","449632988"
"2014-07-01","12","793","502331283"
"2014-07-01","13","475","826581964"
"2014-07-02","0","3182","882952"
"2014-07-02","1","2248","2305934"
"2014-07-02","2","25327","260784933"
"2014-07-02","3","11675","247439951"
"2014-07-02","4","1167","32260800"
"2014-07-02","5","2370","78707587"
"2014-07-02","6","1520","64561000"
"2014-07-02","7","1696","86972768"
"2014-07-02","8","2477","206046649"
"2014-07-02","9","1324","184388164"
"2014-07-02","10","1325","282108432"
"2014-07-02","11","1286","452849333"
"2014-07-02","12","792","502173084"
"2014-07-02","13","476","831613271"
"2014-07-03","0","2774","789124"
"2014-07-03","1","2009","2122877"
"2014-07-03","2","24787","256899044"
"2014-07-03","3","11590","246837945"
"2014-07-03","4","1186","32471977"
"2014-07-03","5","2400","79434645"
"2014-07-03","6","1515","64714499"
"2014-07-03","7","1678","86001274"
"2014-07-03","8","2430","201655217"
"2014-07-03","9","1321","184305540"
"2014-07-03","10","1324","282419952"
"2014-07-03","11","1282","450813864"
"2014-07-03","12","781","496491994"
"2014-07-03","13","478","839879475"
"2014-07-04","0","2507","791965"
"2014-07-04","1","1903","2018827"
"2014-07-04","2","24257","252776197"
"2014-07-04","3","11292","241768625"
"2014-07-04","4","1145","31829963"
"2014-07-04","5","2331","77586081"
"2014-07-04","6","1467","62908271"
"2014-07-04","7","1653","85495247"
"2014-07-04","8","2423","202143112"
"2014-07-04","9","1294","181164388"
"2014-07-04","10","1321","281948607"
"2014-07-04","11","1281","450615280"
"2014-07-04","12","776","493623257"
"2014-07-04","13","484","830497987"
"2014-07-05","0","3323","820587"
"2014-07-05","1","2404","2149424"
"2014-07-05","2","29502","269158617"
"2014-07-05","3","11607","246292972"
"2014-07-05","4","1145","31779357"
"2014-07-05","5","2400","79394472"
"2014-07-05","6","1492","63439555"
"2014-07-05","7","1676","86543512"
"2014-07-05","8","2495","206563033"
"2014-07-05","9","1315","183407904"
"2014-07-05","10","1319","280574770"
"2014-07-05","11","1272","448351470"
"2014-07-05","12","772","491517132"
"2014-07-05","13","481","847472463"
"2014-07-06","0","2569","744863"
"2014-07-06","1","2077","2025711"
"2014-07-06","2","28254","265789053"
"2014-07-06","3","11588","245741420"
"2014-07-06","4","1155","32191621"
"2014-07-06","5","2383","78808690"
"2014-07-06","6","1470","62758838"
"2014-07-06","7","1675","86546295"
"2014-07-06","8","2480","205735046"
"2014-07-06","9","1298","181234732"
"2014-07-06","10","1312","280178869"
"2014-07-06","11","1277","451253783"
"2014-07-06","12","786","500097123"
"2014-07-06","13","484","853125752"
"2014-07-07","0","2375","799485"
"2014-07-07","1","1880","2071796"
"2014-07-07","2","28783","268065084"
"2014-07-07","3","11590","246029319"
"2014-07-07","4","1153","32009524"
"2014-07-07","5","2346","77945781"
"2014-07-07","6","1452","62218210"
"2014-07-07","7","1670","86577174"
"2014-07-07","8","2486","206795906"
"2014-07-07","9","1313","183325662"
"2014-07-07","10","1321","282252552"
"2014-07-07","11","1266","448298993"
"2014-07-07","12","776","494705130"
"2014-07-07","13","483","836229488"
"2014-07-08","0","2572","695234"
"2014-07-08","1","2086","1917989"
"2014-07-08","2","24154","249574848"
"2014-07-08","3","11247","239949441"
"2014-07-08","4","1133","31623896"
"2014-07-08","5","2300","77169949"
"2014-07-08","6","1447","62252661"
"2014-07-08","7","1646","85744474"
"2014-07-08","8","2427","201892742"
"2014-07-08","9","1287","180899863"
"2014-07-08","10","1305","278733649"
"2014-07-08","11","1250","442142597"
"2014-07-08","12","785","498406186"
"2014-07-08","13","487","836395613"
"2014-07-09","0","2565","730295"
"2014-07-09","1","1873","1918811"
"2014-07-09","2","23907","245624212"
"2014-07-09","3","11143","238682595"
"2014-07-09","4","1119","31031712"
"2014-07-09","5","2249","75737582"
"2014-07-09","6","1421","60548050"
"2014-07-09","7","1618","84511891"
"2014-07-09","8","2379","198433190"
"2014-07-09","9","1275","178258921"
"2014-07-09","10","1295","276367290"
"2014-07-09","11","1243","438685310"
"2014-07-09","12","781","495182597"
"2014-07-09","13","490","863762263"
"2014-07-10","0","2643","787971"
"2014-07-10","1","1906","2147118"
"2014-07-10","2","23730","244214876"
"2014-07-10","3","10921","234994498"
"2014-07-10","4","1129","31327936"
"2014-07-10","5","2250","75524254"
"2014-07-10","6","1429","61385294"
"2014-07-10","7","1606","83404841"
"2014-07-10","8","2382","197968574"
"2014-07-10","9","1268","178086242"
"2014-07-10","10","1283","273781406"
"2014-07-10","11","1237","437621170"
"2014-07-10","12","782","497275773"
"2014-07-10","13","489","859611459"
"2014-07-11","0","2446","1048980"
"2014-07-11","1","1860","1974431"
"2014-07-11","2","23247","241044133"
"2014-07-11","3","10983","236583233"
"2014-07-11","4","1092","30529401"
"2014-07-11","5","2234","75142348"
"2014-07-11","6","1428","61090368"
"2014-07-11","7","1618","84429283"
"2014-07-11","8","2368","197537247"
"2014-07-11","9","1264","177515646"
"2014-07-11","10","1267","271541928"
"2014-07-11","11","1245","440973316"
"2014-07-11","12","773","492728989"
"2014-07-11","13","484","853530218"
"2014-07-12","0","2031","688797"
"2014-07-12","1","1796","2001167"
"2014-07-12","2","23250","240188823"
"2014-07-12","3","10816","234066439"
"2014-07-12","4","1103","30673921"
"2014-07-12","5","2244","75957036"
"2014-07-12","6","1418","61065731"
"2014-07-12","7","1586","82592825"
"2014-07-12","8","2350","196841151"
"2014-07-12","9","1269","178432901"
"2014-07-12","10","1277","273093507"
"2014-07-12","11","1233","437129183"
"2014-07-12","12","753","480625160"
"2014-07-12","13","486","847825001"
"2014-07-13","0","2140","861434"
"2014-07-13","1","1777","1979169"
"2014-07-13","2","24341","247366980"
"2014-07-13","3","10923","236732926"
"2014-07-13","4","1077","30576767"
"2014-07-13","5","2269","76752428"
"2014-07-13","6","1421","61623381"
"2014-07-13","7","1609","84148037"
"2014-07-13","8","2375","198889601"
"2014-07-13","9","1254","176596231"
"2014-07-13","10","1302","277294074"
"2014-07-13","11","1238","439527424"
"2014-07-13","12","772","493011114"
"2014-07-13","13","480","837491034"
"2014-07-14","0","3232","794416"
"2014-07-14","1","2119","2143097"
"2014-07-14","2","25585","251009593"
"2014-07-14","3","11116","241135311"
"2014-07-14","4","1097","30959964"
"2014-07-14","5","2276","77313247"
"2014-07-14","6","1432","61993170"
"2014-07-14","7","1614","84651699"
"2014-07-14","8","2393","200360931"
"2014-07-14","9","1253","177072944"
"2014-07-14","10","1317","280644064"
"2014-07-14","11","1264","448623821"
"2014-07-14","12","763","488045183"
"2014-07-14","13","487","862319736"
"2014-07-15","0","2223","734693"
"2014-07-15","1","1785","1970788"
"2014-07-15","2","23858","244075933"
"2014-07-15","3","10901","237818135"
"2014-07-15","4","1091","31253514"
"2014-07-15","5","2233","76003142"
"2014-07-15","6","1401","61540452"
"2014-07-15","7","1594","83062507"
"2014-07-15","8","2379","200324779"
"2014-07-15","9","1270","179267860"
"2014-07-15","10","1292","276423145"
"2014-07-15","11","1244","442864833"
"2014-07-15","12","765","489885590"
"2014-07-15","13","479","845757213"
"2014-07-16","0","2349","766631"
"2014-07-16","1","1597","1641108"
"2014-07-16","2","23520","240954271"
"2014-07-16","3","10816","236591527"
"2014-07-16","4","1064","30252362"
"2014-07-16","5","2259","76881606"
"2014-07-16","6","1420","61535516"
"2014-07-16","7","1589","82677349"
"2014-07-16","8","2356","198673433"
"2014-07-16","9","1246","176024219"
"2014-07-16","10","1307","278945686"
"2014-07-16","11","1246","443513780"
"2014-07-16","12","766","492334117"
"2014-07-16","13","484","857279251"
"2014-07-17","0","2372","726197"
"2014-07-17","1","1963","1934954"
"2014-07-17","2","23286","237840764"
"2014-07-17","3","10681","234453524"
"2014-07-17","4","1055","30048903"
"2014-07-17","5","2211","75024542"
"2014-07-17","6","1423","61685677"
"2014-07-17","7","1563","82160451"
"2014-07-17","8","2332","197043484"
"2014-07-17","9","1227","172987670"
"2014-07-17","10","1307","278411952"
"2014-07-17","11","1233","438612683"
"2014-07-17","12","755","486134937"
"2014-07-17","13","485","861450683"
"2014-07-18","0","2481","797776"
"2014-07-18","1","1828","1910398"
"2014-07-18","2","27284","247393193"
"2014-07-18","3","10698","233701040"
"2014-07-18","4","1046","29834969"
"2014-07-18","5","2219","75676158"
"2014-07-18","6","1404","61311639"
"2014-07-18","7","1568","82397010"
"2014-07-18","8","2311","195647824"
"2014-07-18","9","1209","170164956"
"2014-07-18","10","1296","276107034"
"2014-07-18","11","1242","441605736"
"2014-07-18","12","759","486635444"
"2014-07-18","13","485","856627297"
"2014-07-19","0","2295","748471"
"2014-07-19","1","1719","1775113"
"2014-07-19","2","26735","248564381"
"2014-07-19","3","10684","234645362"
"2014-07-19","4","1052","30016048"
"2014-07-19","5","2237","76065020"
"2014-07-19","6","1392","60586719"
"2014-07-19","7","1570","82818915"
"2014-07-19","8","2333","196999477"
"2014-07-19","9","1243","175155109"
"2014-07-19","10","1306","279134167"
"2014-07-19","11","1244","442263293"
"2014-07-19","12","755","485025934"
"2014-07-19","13","484","845121569"
"2014-07-20","0","2392","839031"
"2014-07-20","1","1909","2171456"
"2014-07-20","2","26793","251682331"
"2014-07-20","3","10866","238448736"
"2014-07-20","4","1081","30670404"
"2014-07-20","5","2251","76798466"
"2014-07-20","6","1405","61171554"
"2014-07-20","7","1575","82908952"
"2014-07-20","8","2316","195311986"
"2014-07-20","9","1235","173461182"
"2014-07-20","10","1305","278489017"
"2014-07-20","11","1267","450720391"
"2014-07-20","12","752","483571844"
"2014-07-20","13","490","858255226"
"2014-07-21","0","2370","916893"
"2014-07-21","1","1676","1855012"
"2014-07-21","2","27253","255117607"
"2014-07-21","3","10862","238049395"
"2014-07-21","4","1075","30840843"
"2014-07-21","5","2287","78322244"
"2014-07-21","6","1413","61424279"
"2014-07-21","7","1579","83359294"
"2014-07-21","8","2372","199656133"
"2014-07-21","9","1249","176139996"
"2014-07-21","10","1310","280293634"
"2014-07-21","11","1268","451535744"
"2014-07-21","12","757","485993115"
"2014-07-21","13","493","880012938"
"2014-07-22","0","2411","920094"
"2014-07-22","1","1615","1819752"
"2014-07-22","2","25612","250391572"
"2014-07-22","3","10799","239901839"
"2014-07-22","4","1076","31141844"
"2014-07-22","5","2263","77405510"
"2014-07-22","6","1384","60776291"
"2014-07-22","7","1594","84452306"
"2014-07-22","8","2342","198890452"
"2014-07-22","9","1248","177496754"
"2014-07-22","10","1305","279686860"
"2014-07-22","11","1253","447925957"
"2014-07-22","12","764","490477929"
"2014-07-22","13","488","846385013"
"2014-07-23","0","2429","1037055"
"2014-07-23","1","1730","1918339"
"2014-07-23","2","22545","240639671"
"2014-07-23","3","10623","238104439"
"2014-07-23","4","1063","30994837"
"2014-07-23","5","2205","76451822"
"2014-07-23","6","1384","60973302"
"2014-07-23","7","1561","82619608"
"2014-07-23","8","2328","198089020"
"2014-07-23","9","1251","177448804"
"2014-07-23","10","1303","280128085"
"2014-07-23","11","1258","450755600"
"2014-07-23","12","760","490275506"
"2014-07-23","13","487","863745362"
"2014-07-24","0","1817","799570"
"2014-07-24","1","1571","1743832"
"2014-07-24","2","22131","235449215"
"2014-07-24","3","10492","235398376"
"2014-07-24","4","1036","30239099"
"2014-07-24","5","2210","76693432"
"2014-07-24","6","1354","60048870"
"2014-07-24","7","1533","81590576"
"2014-07-24","8","2283","193979260"
"2014-07-24","9","1244","176938597"
"2014-07-24","10","1296","278507742"
"2014-07-24","11","1245","446359143"
"2014-07-24","12","759","489284280"
"2014-07-24","13","490","868516525"
"2014-07-25","0","2125","740429"
"2014-07-25","1","1463","1613244"
"2014-07-25","2","21704","231559892"
"2014-07-25","3","10259","231764829"
"2014-07-25","4","1023","29738747"
"2014-07-25","5","2155","75324744"
"2014-07-25","6","1326","58728215"
"2014-07-25","7","1497","79699739"
"2014-07-25","8","2281","193997118"
"2014-07-25","9","1226","173765083"
"2014-07-25","10","1298","279861664"
"2014-07-25","11","1237","441900997"
"2014-07-25","12","768","494583870"
"2014-07-25","13","491","866712501"
"2014-07-26","0","2514","751249"
"2014-07-26","1","1749","1719367"
"2014-07-26","2","21478","232777575"
"2014-07-26","3","10250","231300174"
"2014-07-26","4","1028","30170334"
"2014-07-26","5","2163","75267499"
"2014-07-26","6","1332","59507639"
"2014-07-26","7","1494","79430312"
"2014-07-26","8","2281","194200456"
"2014-07-26","9","1232","174931613"
"2014-07-26","10","1305","280704394"
"2014-07-26","11","1222","436919037"
"2014-07-26","12","780","501858423"
"2014-07-26","13","496","885660429"
"2014-07-27","0","2600","728864"
"2014-07-27","1","1716","1661325"
"2014-07-27","2","21760","234590226"
"2014-07-27","3","10311","232846924"
"2014-07-27","4","1026","30046773"
"2014-07-27","5","2162","75120280"
"2014-07-27","6","1364","60592664"
"2014-07-27","7","1488","79165938"
"2014-07-27","8","2281","194520899"
"2014-07-27","9","1234","174346526"
"2014-07-27","10","1314","282274947"
"2014-07-27","11","1224","437907559"
"2014-07-27","12","768","493082333"
"2014-07-27","13","502","891026018"
"2014-07-28","0","2633","820425"
"2014-07-28","1","1530","1668378"
"2014-07-28","2","22841","240102515"
"2014-07-28","3","10402","234229711"
"2014-07-28","4","1040","30226678"
"2014-07-28","5","2154","75500165"
"2014-07-28","6","1339","59597373"
"2014-07-28","7","1491","79620264"
"2014-07-28","8","2319","197657977"
"2014-07-28","9","1249","176445016"
"2014-07-28","10","1308","281724676"
"2014-07-28","11","1255","448669675"
"2014-07-28","12","765","491297987"
"2014-07-28","13","493","877350156"
"2014-07-29","0","2482","931233"
"2014-07-29","1","1653","1773685"
"2014-07-29","2","20976","229980984"
"2014-07-29","3","10242","232513462"
"2014-07-29","4","1021","30077965"
"2014-07-29","5","2123","74366430"
"2014-07-29","6","1341","59918858"
"2014-07-29","7","1460","78126359"
"2014-07-29","8","2264","193334126"
"2014-07-29","9","1219","173427351"
"2014-07-29","10","1306","281705141"
"2014-07-29","11","1244","445711675"
"2014-07-29","12","758","489180649"
"2014-07-29","13","503","898157893"
"2014-07-30","0","3318","2335762"
"2014-07-30","1","2744","3233831"
"2014-07-30","2","28112","258783420"
"2014-07-30","3","10621","238551790"
"2014-07-30","4","1042","30698853"
"2014-07-30","5","2187","76605816"
"2014-07-30","6","1367","61158093"
"2014-07-30","7","1528","81510950"
"2014-07-30","8","2302","196287644"
"2014-07-30","9","1264","179402237"
"2014-07-30","10","1303","282164683"
"2014-07-30","11","1243","445545994"
"2014-07-30","12","775","498570245"
"2014-07-30","13","509","914556621"
"2014-07-31","0","3061","858178"
"2014-07-31","1","1879","1882590"
"2014-07-31","2","25211","245721555"
"2014-07-31","3","10586","238465579"
"2014-07-31","4","1020","29972333"
"2014-07-31","5","2195","76669780"
"2014-07-31","6","1363","60660834"
"2014-07-31","7","1502","80831261"
"2014-07-31","8","2288","195507774"
"2014-07-31","9","1244","176826899"
"2014-07-31","10","1315","284188812"
"2014-07-31","11","1249","448063491"
"2014-07-31","12","774","497713931"
"2014-07-31","13","508","917177484"
"2014-08-01","0","2373","757473"
"2014-08-01","1","1686","1890371"
"2014-08-01","2","24597","245036481"
"2014-08-01","3","10487","237219367"
"2014-08-01","4","1043","30419000"
"2014-08-01","5","2198","76716435"
"2014-08-01","6","1370","60889931"
"2014-08-01","7","1516","81274373"
"2014-08-01","8","2281","194949634"
"2014-08-01","9","1254","178096987"
"2014-08-01","10","1320","284843113"
"2014-08-01","11","1242","444776142"
"2014-08-01","12","771","495197704"
"2014-08-01","13","506","902046398"
"2014-08-02","0","2922","1134894"
"2014-08-02","1","4423","3898132"
"2014-08-02","2","31610","264911147"
"2014-08-02","3","10564","237891799"
"2014-08-02","4","1036","30334496"
"2014-08-02","5","2194","77181945"
"2014-08-02","6","1368","61242657"
"2014-08-02","7","1540","82745201"
"2014-08-02","8","2308","197984492"
"2014-08-02","9","1242","176234136"
"2014-08-02","10","1333","288668477"
"2014-08-02","11","1234","443670065"
"2014-08-02","12","768","494880077"
"2014-08-02","13","510","913113674"
"2014-08-03","0","2141","713046"
"2014-08-03","1","1856","1991564"
"2014-08-03","2","21294","234640741"
"2014-08-03","3","10203","233033253"
"2014-08-03","4","1041","30399975"
"2014-08-03","5","2166","76152015"
"2014-08-03","6","1349","60821458"
"2014-08-03","7","1499","80698775"
"2014-08-03","8","2246","192698056"
"2014-08-03","9","1222","173786639"
"2014-08-03","10","1318","284385778"
"2014-08-03","11","1233","442468453"
"2014-08-03","12","766","492326749"
"2014-08-03","13","505","913227147"
"2014-08-04","0","2192","872073"
"2014-08-04","1","1667","2098381"
"2014-08-04","2","22958","244780840"
"2014-08-04","3","10377","238799763"
"2014-08-04","4","1027","30643337"
"2014-08-04","5","2164","76842543"
"2014-08-04","6","1336","60665443"
"2014-08-04","7","1483","80189124"
"2014-08-04","8","2272","195729697"
"2014-08-04","9","1221","173625704"
"2014-08-04","10","1315","286895713"
"2014-08-04","11","1235","445423830"
"2014-08-04","12","774","500670661"
"2014-08-04","13","511","918682279"
"2014-08-05","0","2007","871960"
"2014-08-05","1","1452","1861238"
"2014-08-05","2","21189","243621006"
"2014-08-05","3","10241","243029394"
"2014-08-05","4","1036","31300193"
"2014-08-05","5","2162","79005337"
"2014-08-05","6","1340","61735244"
"2014-08-05","7","1491","81966154"
"2014-08-05","8","2242","195468758"
"2014-08-05","9","1222","175959431"
"2014-08-05","10","1306","287375917"
"2014-08-05","11","1250","453134230"
"2014-08-05","12","775","502739862"
"2014-08-05","13","512","920125989"
"2014-08-06","0","2554","683568"
"2014-08-06","1","1482","1687013"
"2014-08-06","2","21151","245189061"
"2014-08-06","3","10191","244368379"
"2014-08-06","4","1031","31510359"
"2014-08-06","5","2117","77463009"
"2014-08-06","6","1327","61693531"
"2014-08-06","7","1477","81032477"
"2014-08-06","8","2270","198865213"
"2014-08-06","9","1230","177333685"
"2014-08-06","10","1314","289812288"
"2014-08-06","11","1232","447487789"
"2014-08-06","12","771","501025192"
"2014-08-06","13","512","921096360"
"2014-08-07","0","2112","712830"
"2014-08-07","1","1552","1738612"
"2014-08-07","2","21481","245614006"
"2014-08-07","3","10200","244063457"
"2014-08-07","4","1008","30774375"
"2014-08-07","5","2135","77865437"
"2014-08-07","6","1327","61323193"
"2014-08-07","7","1479","81771783"
"2014-08-07","8","2253","197416871"
"2014-08-07","9","1230","176605232"
"2014-08-07","10","1331","292708374"
"2014-08-07","11","1230","447077370"
"2014-08-07","12","785","510406264"
"2014-08-07","13","513","929695208"
"2014-08-08","0","2265","602622"
"2014-08-08","1","1937","2006473"
"2014-08-08","2","21124","241158877"
"2014-08-08","3","10143","243664960"
"2014-08-08","4","1029","31375811"
"2014-08-08","5","2086","76746667"
"2014-08-08","6","1334","61823176"
"2014-08-08","7","1479","81314323"
"2014-08-08","8","2235","195734393"
"2014-08-08","9","1210","174286826"
"2014-08-08","10","1313","290151776"
"2014-08-08","11","1226","444406754"
"2014-08-08","12","765","498371848"
"2014-08-08","13","510","927173657"
"2014-08-09","0","2138","645027"
"2014-08-09","1","1683","1795526"
"2014-08-09","2","20420","238893858"
"2014-08-09","3","10030","241626438"
"2014-08-09","4","1032","31591181"
"2014-08-09","5","2121","77260483"
"2014-08-09","6","1330","61895062"
"2014-08-09","7","1460","80851630"
"2014-08-09","8","2197","194028492"
"2014-08-09","9","1204","174135133"
"2014-08-09","10","1283","283619663"
"2014-08-09","11","1213","442213552"
"2014-08-09","12","765","498846958"
"2014-08-09","13","502","912120671"
"2014-08-10","0","2451","588522"
"2014-08-10","1","1624","1676095"
"2014-08-10","2","20500","240372479"
"2014-08-10","3","10038","241264420"
"2014-08-10","4","1022","30875658"
"2014-08-10","5","2149","79572166"
"2014-08-10","6","1335","61965431"
"2014-08-10","7","1462","80652080"
"2014-08-10","8","2194","193634246"
"2014-08-10","9","1216","175514509"
"2014-08-10","10","1308","288988617"
"2014-08-10","11","1216","442533210"
"2014-08-10","12","775","504635612"
"2014-08-10","13","510","922228117"
"2014-08-11","0","3439","690808"
"2014-08-11","1","1568","1657514"
"2014-08-11","2","22240","248987286"
"2014-08-11","3","10098","243151134"
"2014-08-11","4","1005","30809845"
"2014-08-11","5","2116","78559965"
"2014-08-11","6","1328","62224824"
"2014-08-11","7","1444","80701711"
"2014-08-11","8","2213","195634180"
"2014-08-11","9","1227","175937354"
"2014-08-11","10","1295","287511848"
"2014-08-11","11","1232","447247625"
"2014-08-11","12","778","506197197"
"2014-08-11","13","512","933618946"
"2014-08-12","0","3471","731552"
"2014-08-12","1","1587","1496767"
"2014-08-12","2","20322","238560989"
"2014-08-12","3","9935","240755307"
"2014-08-12","4","1020","31238609"
"2014-08-12","5","2073","77369595"
"2014-08-12","6","1320","61770120"
"2014-08-12","7","1421","79416565"
"2014-08-12","8","2202","195024360"
"2014-08-12","9","1188","171983573"
"2014-08-12","10","1295","287550275"
"2014-08-12","11","1224","445079675"
"2014-08-12","12","770","502444339"
"2014-08-12","13","509","929849729"
"2014-08-13","0","3013","861520"
"2014-08-13","1","1925","1915539"
"2014-08-13","2","20908","240498724"
"2014-08-13","3","9956","241583626"
"2014-08-13","4","1022","31269698"
"2014-08-13","5","2109","78374775"
"2014-08-13","6","1325","62222411"
"2014-08-13","7","1420","79044762"
"2014-08-13","8","2229","195789927"
"2014-08-13","9","1209","174354576"
"2014-08-13","10","1293","286827409"
"2014-08-13","11","1206","438825239"
"2014-08-13","12","770","501137893"
"2014-08-13","13","510","917880742"
"2014-08-14","0","2329","697674"
"2014-08-14","1","1507","1564649"
"2014-08-14","2","20251","235764442"
"2014-08-14","3","9806","237987377"
"2014-08-14","4","1026","31534668"
"2014-08-14","5","2102","78244601"
"2014-08-14","6","1302","61117103"
"2014-08-14","7","1442","80619914"
"2014-08-14","8","2210","194970975"
"2014-08-14","9","1196","172743554"
"2014-08-14","10","1279","284201893"
"2014-08-14","11","1206","439271976"
"2014-08-14","12","768","500342239"
"2014-08-14","13","504","918481556"
"2014-08-15","0","1895","591741"
"2014-08-15","1","1433","1621183"
"2014-08-15","2","19871","231366783"
"2014-08-15","3","9738","237551862"
"2014-08-15","4","1005","30748678"
"2014-08-15","5","2047","76605493"
"2014-08-15","6","1276","60074053"
"2014-08-15","7","1410","78405739"
"2014-08-15","8","2170","191141606"
"2014-08-15","9","1189","171766809"
"2014-08-15","10","1259","280352171"
"2014-08-15","11","1213","440712043"
"2014-08-15","12","767","499919903"
"2014-08-15","13","516","932381397"
"2014-08-16","0","2162","524163"
"2014-08-16","1","1464","1500673"
"2014-08-16","2","25215","250329283"
"2014-08-16","3","10007","241646537"
"2014-08-16","4","1022","31328600"
"2014-08-16","5","2079","77273630"
"2014-08-16","6","1316","61394916"
"2014-08-16","7","1460","81606179"
"2014-08-16","8","2213","195275280"
"2014-08-16","9","1206","173164335"
"2014-08-16","10","1283","285627664"
"2014-08-16","11","1224","445068166"
"2014-08-16","12","758","494778467"
"2014-08-16","13","508","918431802"
"2014-08-17","0","2233","574331"
"2014-08-17","1","1458","1512654"
"2014-08-17","2","24132","246374637"
"2014-08-17","3","10011","243812160"
"2014-08-17","4","1026","31150779"
"2014-08-17","5","2090","77993933"
"2014-08-17","6","1316","61871371"
"2014-08-17","7","1449","80653277"
"2014-08-17","8","2184","192827884"
"2014-08-17","9","1184","171070371"
"2014-08-17","10","1261","279811558"
"2014-08-17","11","1229","445727521"
"2014-08-17","12","759","495790140"
"2014-08-17","13","504","917026631"
"2014-08-18","0","3189","711305"
"2014-08-18","1","1685","1755775"
"2014-08-18","2","25200","254048815"
"2014-08-18","3","10008","243377974"
"2014-08-18","4","1016","31148276"
"2014-08-18","5","2129","79284135"
"2014-08-18","6","1322","61992929"
"2014-08-18","7","1472","82379500"
"2014-08-18","8","2194","194943330"
"2014-08-18","9","1206","174941034"
"2014-08-18","10","1276","284263456"
"2014-08-18","11","1229","446117329"
"2014-08-18","12","772","502725270"
"2014-08-18","13","518","927331133"
"2014-08-19","0","2272","690114"
"2014-08-19","1","1585","1648114"
"2014-08-19","2","23032","243550917"
"2014-08-19","3","9836","240712215"
"2014-08-19","4","1022","31593780"
"2014-08-19","5","2095","78471487"
"2014-08-19","6","1329","62648781"
"2014-08-19","7","1435","80494277"
"2014-08-19","8","2203","195915807"
"2014-08-19","9","1184","171957262"
"2014-08-19","10","1272","284188654"
"2014-08-19","11","1225","446243168"
"2014-08-19","12","772","503631922"
"2014-08-19","13","516","926028887"
"2014-08-20","0","4200","645018"
"2014-08-20","1","2062","1606291"
"2014-08-20","2","19818","232834801"
"2014-08-20","3","9674","238983102"
"2014-08-20","4","970","30389710"
"2014-08-20","5","2108","79589552"
"2014-08-20","6","1301","61645593"
"2014-08-20","7","1415","79929709"
"2014-08-20","8","2160","193186294"
"2014-08-20","9","1190","172737722"
"2014-08-20","10","1270","284237096"
"2014-08-20","11","1204","438166905"
"2014-08-20","12","764","498351772"
"2014-08-20","13","508","922135747"
"2014-08-21","0","2588","658759"
"2014-08-21","1","1711","1621429"
"2014-08-21","2","19780","232892076"
"2014-08-21","3","9653","240635203"
"2014-08-21","4","979","30368123"
"2014-08-21","5","2046","77857114"
"2014-08-21","6","1263","60549518"
"2014-08-21","7","1414","80557930"
"2014-08-21","8","2173","194415908"
"2014-08-21","9","1162","169598779"
"2014-08-21","10","1284","287076114"
"2014-08-21","11","1192","436374221"
"2014-08-21","12","776","506701716"
"2014-08-21","13","520","944923430"
"2014-08-22","0","2208","688008"
"2014-08-22","1","1446","1546624"
"2014-08-22","2","19302","230951571"
"2014-08-22","3","9562","238771502"
"2014-08-22","4","964","30071608"
"2014-08-22","5","2031","77931153"
"2014-08-22","6","1303","61951739"
"2014-08-22","7","1385","78551327"
"2014-08-22","8","2139","191434891"
"2014-08-22","9","1167","170434304"
"2014-08-22","10","1283","286837713"
"2014-08-22","11","1205","439813030"
"2014-08-22","12","765","498814948"
"2014-08-22","13","516","934519189"
"2014-08-23","0","2233","600448"
"2014-08-23","1","1718","1600696"
"2014-08-23","2","19494","230654284"
"2014-08-23","3","9627","240019793"
"2014-08-23","4","975","30129139"
"2014-08-23","5","2031","77629816"
"2014-08-23","6","1277","60551769"
"2014-08-23","7","1389","78429982"
"2014-08-23","8","2132","191383126"
"2014-08-23","9","1164","169491337"
"2014-08-23","10","1261","282023529"
"2014-08-23","11","1199","436355452"
"2014-08-23","12","772","502637146"
"2014-08-23","13","514","920380342"
"2014-08-24","0","1931","565067"
"2014-08-24","1","1524","1640193"
"2014-08-24","2","19479","230142289"
"2014-08-24","3","9480","237304828"
"2014-08-24","4","966","30273299"
"2014-08-24","5","2016","77151110"
"2014-08-24","6","1271","60440262"
"2014-08-24","7","1391","78876613"
"2014-08-24","8","2103","188227404"
"2014-08-24","9","1167","169811619"
"2014-08-24","10","1257","280928391"
"2014-08-24","11","1198","436989998"
"2014-08-24","12","765","498352288"
"2014-08-24","13","514","918242278"
"2014-08-25","0","1901","672259"
"2014-08-25","1","1617","1864046"
"2014-08-25","2","21241","237767927"
"2014-08-25","3","9641","240772441"
"2014-08-25","4","965","30291720"
"2014-08-25","5","2031","78173120"
"2014-08-25","6","1295","62334031"
"2014-08-25","7","1411","79727059"
"2014-08-25","8","2150","193408602"
"2014-08-25","9","1191","174193130"
"2014-08-25","10","1272","284905396"
"2014-08-25","11","1215","442325970"
"2014-08-25","12","779","507385757"
"2014-08-25","13","523","925309522"
"2014-08-26","0","1770","799226"
"2014-08-26","1","1526","2061912"
"2014-08-26","2","17048","207468621"
"2014-08-26","3","8640","223223685"
"2014-08-26","4","876","28241217"
"2014-08-26","5","1876","73625225"
"2014-08-26","6","1188","58231409"
"2014-08-26","7","1276","74146586"
"2014-08-26","8","2027","185550829"
"2014-08-26","9","1123","165366089"
"2014-08-26","10","1199","271218290"
"2014-08-26","11","1170","428857983"
"2014-08-26","12","757","494233982"
"2014-08-26","13","526","940291529"
"2014-08-27","0","3293","1232142"
"2014-08-27","1","2361","3157665"
"2014-08-27","2","21839","248750121"
"2014-08-27","3","9944","250843774"
"2014-08-27","4","991","31631469"
"2014-08-27","5","2084","81380909"
"2014-08-27","6","1324","63882916"
"2014-08-27","7","1452","83432125"
"2014-08-27","8","2209","200809249"
"2014-08-27","9","1197","177057114"
"2014-08-27","10","1269","285460136"
"2014-08-27","11","1214","444065196"
"2014-08-27","12","777","506142467"
"2014-08-27","13","546","975697779"
"2014-08-28","0","3525","1106037"
"2014-08-28","1","2169","2791172"
"2014-08-28","2","19688","234987367"
"2014-08-28","3","9558","243450437"
"2014-08-28","4","951","30543394"
"2014-08-28","5","2010","78586993"
"2014-08-28","6","1305","63467234"
"2014-08-28","7","1374","79440186"
"2014-08-28","8","2138","195584723"
"2014-08-28","9","1163","172330665"
"2014-08-28","10","1247","280792391"
"2014-08-28","11","1186","433985093"
"2014-08-28","12","772","502663279"
"2014-08-28","13","537","964496666"
"2014-08-29","0","2492","828364"
"2014-08-29","1","1959","2407558"
"2014-08-29","2","20051","240513184"
"2014-08-29","3","9577","244749883"
"2014-08-29","4","958","30835903"
"2014-08-29","5","2044","79376316"
"2014-08-29","6","1305","63538393"
"2014-08-29","7","1414","81336021"
"2014-08-29","8","2171","197382503"
"2014-08-29","9","1208","178592189"
"2014-08-29","10","1236","278529354"
"2014-08-29","11","1200","440724377"
"2014-08-29","12","784","513508773"
"2014-08-29","13","538","988437285"
"2014-08-30","0","4274","4158910"
"2014-08-30","1","3843","6604468"
"2014-08-30","2","29788","289182507"
"2014-08-30","3","10571","263310272"
"2014-08-30","4","1032","32724700"
"2014-08-30","5","2148","82913797"
"2014-08-30","6","1391","66994405"
"2014-08-30","7","1540","87381754"
"2014-08-30","8","2281","206665806"
"2014-08-30","9","1261","184808775"
"2014-08-30","10","1288","290292464"
"2014-08-30","11","1226","450647318"
"2014-08-30","12","802","525205932"
"2014-08-30","13","540","976815909"
"2014-08-31","0","3075","1946630"
"2014-08-31","1","2793","4544805"
"2014-08-31","2","26730","281017926"
"2014-08-31","3","10441","262374733"
"2014-08-31","4","1039","33173831"
"2014-08-31","5","2161","84093406"
"2014-08-31","6","1386","66702325"
"2014-08-31","7","1502","85957496"
"2014-08-31","8","2269","206906248"
"2014-08-31","9","1210","179600009"
"2014-08-31","10","1276","288189668"
"2014-08-31","11","1220","448565034"
"2014-08-31","12","799","522302094"
"2014-08-31","13","545","988436588"
"2014-09-01","0","3016","1405210"
"2014-09-01","1","2243","3681970"
"2014-09-01","2","26254","279820982"
"2014-09-01","3","10529","264645666"
"2014-09-01","4","1009","32733032"
"2014-09-01","5","2189","85160335"
"2014-09-01","6","1381","66665074"
"2014-09-01","7","1496","86035718"
"2014-09-01","8","2276","207262667"
"2014-09-01","9","1235","183546907"
"2014-09-01","10","1273","288383387"
"2014-09-01","11","1226","450326235"
"2014-09-01","12","797","521575042"
"2014-09-01","13","547","1009310663"
"2014-09-02","0","3260","957908"
"2014-09-02","1","2003","2778505"
"2014-09-02","2","23541","267861752"
"2014-09-02","3","10353","264253817"
"2014-09-02","4","1029","33149288"
"2014-09-02","5","2137","83326384"
"2014-09-02","6","1370","66328053"
"2014-09-02","7","1486","85565214"
"2014-09-02","8","2251","205647788"
"2014-09-02","9","1221","181586973"
"2014-09-02","10","1282","289399049"
"2014-09-02","11","1230","452498576"
"2014-09-02","12","784","515282217"
"2014-09-02","13","538","988037733"
"2014-09-03","0","2679","919951"
"2014-09-03","1","1637","2337607"
"2014-09-03","2","19767","252364887"
"2014-09-03","3","10108","258771097"
"2014-09-03","4","990","32743066"
"2014-09-03","5","2099","82675674"
"2014-09-03","6","1340","64798795"
"2014-09-03","7","1461","84244395"
"2014-09-03","8","2192","201420793"
"2014-09-03","9","1203","179417912"
"2014-09-03","10","1277","288392020"
"2014-09-03","11","1206","445234742"
"2014-09-03","12","793","520917442"
"2014-09-03","13","538","978365383"
"2014-09-04","0","2298","800553"
"2014-09-04","1","1613","2316128"
"2014-09-04","2","19781","253036074"
"2014-09-04","3","10084","260610300"
"2014-09-04","4","951","31655769"
"2014-09-04","5","2121","83725656"
"2014-09-04","6","1293","63824405"
"2014-09-04","7","1456","84377654"
"2014-09-04","8","2215","203535340"
"2014-09-04","9","1188","178265831"
"2014-09-04","10","1274","287775348"
"2014-09-04","11","1186","438923588"
"2014-09-04","12","793","520533299"
"2014-09-04","13","540","985171638"
"2014-09-05","0","2213","890657"
"2014-09-05","1","1852","2917328"
"2014-09-05","2","20252","260187241"
"2014-09-05","3","10045","261760851"
"2014-09-05","4","985","32742688"
"2014-09-05","5","2105","83573986"
"2014-09-05","6","1304","64664558"
"2014-09-05","7","1451","84688609"
"2014-09-05","8","2176","201097529"
"2014-09-05","9","1182","177691685"
"2014-09-05","10","1264","286787835"
"2014-09-05","11","1198","443417874"
"2014-09-05","12","781","512415712"
"2014-09-05","13","536","981310163"
"2014-09-06","0","2272","762021"
"2014-09-06","1","1745","2543167"
"2014-09-06","2","20072","260701613"
"2014-09-06","3","9978","261213535"
"2014-09-06","4","999","33345785"
"2014-09-06","5","2102","83700242"
"2014-09-06","6","1331","66354055"
"2014-09-06","7","1408","82578252"
"2014-09-06","8","2213","203704065"
"2014-09-06","9","1188","178593759"
"2014-09-06","10","1273","289291218"
"2014-09-06","11","1198","443317784"
"2014-09-06","12","779","513039151"
"2014-09-06","13","538","992447347"
"2014-09-07","0","2415","770072"
"2014-09-07","1","1923","2470853"
"2014-09-07","2","19759","258003882"
"2014-09-07","3","9987","261003523"
"2014-09-07","4","984","32738063"
"2014-09-07","5","2115","84330448"
"2014-09-07","6","1315","65995416"
"2014-09-07","7","1428","83815774"
"2014-09-07","8","2199","202642634"
"2014-09-07","9","1174","177369826"
"2014-09-07","10","1251","284796992"
"2014-09-07","11","1188","441139042"
"2014-09-07","12","775","510974938"
"2014-09-07","13","547","1014453187"
"2014-09-08","0","2368","779350"
"2014-09-08","1","1717","2449564"
"2014-09-08","2","22546","273967395"
"2014-09-08","3","10225","266089080"
"2014-09-08","4","1007","33654626"
"2014-09-08","5","2122","84718326"
"2014-09-08","6","1342","66912222"
"2014-09-08","7","1444","85057676"
"2014-09-08","8","2241","205347329"
"2014-09-08","9","1200","180736045"
"2014-09-08","10","1281","290040158"
"2014-09-08","11","1203","446712401"
"2014-09-08","12","786","517370785"
"2014-09-08","13","553","1025198640"
"2014-09-09","0","1811","583493"
"2014-09-09","1","1343","2030227"
"2014-09-09","2","18648","250603698"
"2014-09-09","3","9941","261723261"
"2014-09-09","4","1014","33890180"
"2014-09-09","5","2052","82851207"
"2014-09-09","6","1308","65639471"
"2014-09-09","7","1399","82586545"
"2014-09-09","8","2160","199349346"
"2014-09-09","9","1173","176894454"
"2014-09-09","10","1244","284275289"
"2014-09-09","11","1188","441795464"
"2014-09-09","12","768","504811242"
"2014-09-09","13","546","998427097"
"2014-09-10","0","1886","724240"
"2014-09-10","1","1364","2061568"
"2014-09-10","2","18612","251721477"
"2014-09-10","3","9895","261413994"
"2014-09-10","4","1009","33924405"
"2014-09-10","5","2071","83596516"
"2014-09-10","6","1285","64695636"
"2014-09-10","7","1387","82122042"
"2014-09-10","8","2155","199156316"
"2014-09-10","9","1180","177968044"
"2014-09-10","10","1251","285031942"
"2014-09-10","11","1190","442042324"
"2014-09-10","12","769","505607495"
"2014-09-10","13","542","983908440"
"2014-09-11","0","2106","684334"
"2014-09-11","1","1348","1997699"
"2014-09-11","2","18317","248352763"
"2014-09-11","3","9844","261229444"
"2014-09-11","4","977","33214887"
"2014-09-11","5","2055","83217369"
"2014-09-11","6","1279","64250844"
"2014-09-11","7","1368","81815345"
"2014-09-11","8","2157","199247128"
"2014-09-11","9","1166","175740816"
"2014-09-11","10","1249","284188886"
"2014-09-11","11","1163","434407933"
"2014-09-11","12","762","502187586"
"2014-09-11","13","544","984417746"
"2014-09-12","0","2292","783613"
"2014-09-12","1","1610","2173148"
"2014-09-12","2","18407","247500159"
"2014-09-12","3","9826","260563927"
"2014-09-12","4","967","32600978"
"2014-09-12","5","2052","82874429"
"2014-09-12","6","1295","64922294"
"2014-09-12","7","1370","81797547"
"2014-09-12","8","2146","199375991"
"2014-09-12","9","1170","176426647"
"2014-09-12","10","1244","283543996"
"2014-09-12","11","1171","436530173"
"2014-09-12","12","771","505559928"
"2014-09-12","13","542","996442978"
"2014-09-13","0","2185","628033"
"2014-09-13","1","1391","1841731"
"2014-09-13","2","18646","248882763"
"2014-09-13","3","9790","260275789"
"2014-09-13","4","977","32993168"
"2014-09-13","5","2044","82817133"
"2014-09-13","6","1293","64704720"
"2014-09-13","7","1357","81073513"
"2014-09-13","8","2135","197987611"
"2014-09-13","9","1145","174338527"
"2014-09-13","10","1235","280700761"
"2014-09-13","11","1164","434177423"
"2014-09-13","12","767","504400013"
"2014-09-13","13","552","1014464805"
"2014-09-14","0","2525","939627"
"2014-09-14","1","1672","2300900"
"2014-09-14","2","24235","269569000"
"2014-09-14","3","10095","266882561"
"2014-09-14","4","990","33368281"
"2014-09-14","5","2070","83969290"
"2014-09-14","6","1319","66258929"
"2014-09-14","7","1392","83102800"
"2014-09-14","8","2169","201164696"
"2014-09-14","9","1160","176329834"
"2014-09-14","10","1235","281033988"
"2014-09-14","11","1168","435227622"
"2014-09-14","12","779","510910489"
"2014-09-14","13","541","1002309881"
"2014-09-15","0","2289","759356"
"2014-09-15","1","1423","2075891"
"2014-09-15","2","23698","268871980"
"2014-09-15","3","9988","267018285"
"2014-09-15","4","991","33527636"
"2014-09-15","5","2084","84889942"
"2014-09-15","6","1317","66262980"
"2014-09-15","7","1400","83621931"
"2014-09-15","8","2174","202298592"
"2014-09-15","9","1181","178696134"
"2014-09-15","10","1257","286237974"
"2014-09-15","11","1205","448885375"
"2014-09-15","12","774","507783247"
"2014-09-15","13","550","1022274570"
"2014-09-16","0","2196","614880"
"2014-09-16","1","1409","2033777"
"2014-09-16","2","21584","260798509"
"2014-09-16","3","9895","267429968"
"2014-09-16","4","975","33156089"
"2014-09-16","5","2051","84209827"
"2014-09-16","6","1277","64411208"
"2014-09-16","7","1365","82230300"
"2014-09-16","8","2150","199909850"
"2014-09-16","9","1170","178899256"
"2014-09-16","10","1233","281559974"
"2014-09-16","11","1204","449822942"
"2014-09-16","12","759","498858174"
"2014-09-16","13","552","1024228545"
"2014-09-17","0","1927","606173"
"2014-09-17","1","1404","2072783"
"2014-09-17","2","17920","247160488"
"2014-09-17","3","9668","266885506"
"2014-09-17","4","953","33237752"
"2014-09-17","5","1975","82447969"
"2014-09-17","6","1275","65218174"
"2014-09-17","7","1333","81314091"
"2014-09-17","8","2130","200313988"
"2014-09-17","9","1128","172473228"
"2014-09-17","10","1247","286982407"
"2014-09-17","11","1169","437734147"
"2014-09-17","12","774","510352906"
"2014-09-17","13","549","1013657986"
"2014-09-18","0","2121","834875"
"2014-09-18","1","1601","2647511"
"2014-09-18","2","18543","264996699"
"2014-09-18","3","9600","274748126"
"2014-09-18","4","977","35060727"
"2014-09-18","5","2018","86474003"
"2014-09-18","6","1270","66707299"
"2014-09-18","7","1334","82942592"
"2014-09-18","8","2090","199950071"
"2014-09-18","9","1124","172927230"
"2014-09-18","10","1260","291559873"
"2014-09-18","11","1161","436289065"
"2014-09-18","12","781","515811573"
"2014-09-18","13","554","1005049296"
"2014-09-19","0","2914","659699"
"2014-09-19","1","1444","2521090"
"2014-09-19","2","18285","267901165"
"2014-09-19","3","9491","277084334"
"2014-09-19","4","962","35148607"
"2014-09-19","5","1996","85819728"
"2014-09-19","6","1258","66747680"
"2014-09-19","7","1327","82826384"
"2014-09-19","8","2108","202569158"
"2014-09-19","9","1119","173409140"
"2014-09-19","10","1238","286677183"
"2014-09-19","11","1164","438726381"
"2014-09-19","12","781","517489285"
"2014-09-19","13","556","1040612294"
"2014-09-20","0","2937","638734"
"2014-09-20","1","1357","2278381"
"2014-09-20","2","17763","266526983"
"2014-09-20","3","9487","276513554"
"2014-09-20","4","946","34722824"
"2014-09-20","5","1997","85728121"
"2014-09-20","6","1258","67220511"
"2014-09-20","7","1314","81993421"
"2014-09-20","8","2078","200239046"
"2014-09-20","9","1121","172530577"
"2014-09-20","10","1224","284082254"
"2014-09-20","11","1156","437485857"
"2014-09-20","12","777","514892545"
"2014-09-20","13","550","1026478764"
"2014-09-21","0","3186","570466"
"2014-09-21","1","1352","2104061"
"2014-09-21","2","17602","264578037"
"2014-09-21","3","9500","276098327"
"2014-09-21","4","967","35488153"
"2014-09-21","5","1987","86114853"
"2014-09-21","6","1246","66292123"
"2014-09-21","7","1335","82869885"
"2014-09-21","8","2069","199104379"
"2014-09-21","9","1107","170356954"
"2014-09-21","10","1228","284495550"
"2014-09-21","11","1162","437760640"
"2014-09-21","12","779","515604801"
"2014-09-21","13","547","1012666844"
"2014-09-22","0","2833","1258741"
"2014-09-22","1","1802","3006599"
"2014-09-22","2","20803","283651125"
"2014-09-22","3","9670","282838789"
"2014-09-22","4","970","35091886"
"2014-09-22","5","2035","88651200"
"2014-09-22","6","1287","69216197"
"2014-09-22","7","1401","86231214"
"2014-09-22","8","2134","205196593"
"2014-09-22","9","1147","176271610"
"2014-09-22","10","1271","294849733"
"2014-09-22","11","1177","444209783"
"2014-09-22","12","784","520727479"
"2014-09-22","13","567","1043769000"
"2014-09-23","0","3523","1141583"
"2014-09-23","1","1651","2517137"
"2014-09-23","2","18426","270440294"
"2014-09-23","3","9593","281808457"
"2014-09-23","4","987","35744990"
"2014-09-23","5","1979","86164352"
"2014-09-23","6","1266","68072406"
"2014-09-23","7","1359","84887323"
"2014-09-23","8","2108","202882281"
"2014-09-23","9","1140","175407767"
"2014-09-23","10","1248","291021697"
"2014-09-23","11","1185","446598979"
"2014-09-23","12","782","518064018"
"2014-09-23","13","570","1055078381"
"2014-09-24","0","3446","655358"
"2014-09-24","1","1586","2057280"
"2014-09-24","2","17046","259270211"
"2014-09-24","3","9396","276708326"
"2014-09-24","4","950","34737971"
"2014-09-24","5","1958","85971643"
"2014-09-24","6","1244","67252452"
"2014-09-24","7","1352","83758528"
"2014-09-24","8","2062","199280669"
"2014-09-24","9","1124","173531710"
"2014-09-24","10","1248","290162011"
"2014-09-24","11","1178","444890639"
"2014-09-24","12","771","511780252"
"2014-09-24","13","555","1019097419"
"2014-09-25","0","2374","620680"
"2014-09-25","1","1343","1939676"
"2014-09-25","2","17319","257321697"
"2014-09-25","3","9264","273442582"
"2014-09-25","4","944","34680447"
"2014-09-25","5","1965","85965633"
"2014-09-25","6","1251","67556148"
"2014-09-25","7","1315","82545636"
"2014-09-25","8","2034","197117348"
"2014-09-25","9","1113","171712770"
"2014-09-25","10","1236","287066409"
"2014-09-25","11","1144","432086494"
"2014-09-25","12","762","504911115"
"2014-09-25","13","560","1037684155"
"2014-09-26","0","2365","567159"
"2014-09-26","1","1493","1634824"
"2014-09-26","2","17768","258878695"
"2014-09-26","3","9228","273034172"
"2014-09-26","4","925","34414169"
"2014-09-26","5","1936","84776446"
"2014-09-26","6","1219","65934894"
"2014-09-26","7","1305","81646907"
"2014-09-26","8","2041","197175732"
"2014-09-26","9","1107","170260970"
"2014-09-26","10","1227","285244744"
"2014-09-26","11","1168","441143099"
"2014-09-26","12","765","507226189"
"2014-09-26","13","558","1035243986"
"2014-09-27","0","2190","586595"
"2014-09-27","1","1455","1929670"
"2014-09-27","2","17988","259415908"
"2014-09-27","3","9313","275124838"
"2014-09-27","4","956","34772045"
"2014-09-27","5","1949","85151644"
"2014-09-27","6","1226","66433721"
"2014-09-27","7","1295","80823426"
"2014-09-27","8","2044","197357841"
"2014-09-27","9","1109","170459201"
"2014-09-27","10","1212","281458411"
"2014-09-27","11","1147","433088419"
"2014-09-27","12","763","505315458"
"2014-09-27","13","562","1029443146"
"2014-09-28","0","1694","627583"
"2014-09-28","1","1254","1914754"
"2014-09-28","2","17291","256077374"
"2014-09-28","3","9118","270216621"
"2014-09-28","4","945","34454202"
"2014-09-28","5","1920","84219553"
"2014-09-28","6","1228","66827953"
"2014-09-28","7","1303","81244628"
"2014-09-28","8","2046","197358597"
"2014-09-28","9","1101","169885402"
"2014-09-28","10","1230","285798859"
"2014-09-28","11","1155","436681769"
"2014-09-28","12","762","503846714"
"2014-09-28","13","564","1033201443"
"2014-09-29","0","2081","952305"
"2014-09-29","1","1552","2507126"
"2014-09-29","2","20098","273357488"
"2014-09-29","3","9251","274153194"
"2014-09-29","4","943","34915305"
"2014-09-29","5","1942","85589412"
"2014-09-29","6","1232","67200075"
"2014-09-29","7","1317","82570757"
"2014-09-29","8","2059","199280579"
"2014-09-29","9","1121","172957976"
"2014-09-29","10","1241","289103407"
"2014-09-29","11","1169","441713323"
"2014-09-29","12","760","504776457"
"2014-09-29","13","564","1057764002"
"2014-09-30","0","2079","743357"
"2014-09-30","1","1366","2135471"
"2014-09-30","2","17970","261538810"
"2014-09-30","3","9155","271321753"
"2014-09-30","4","922","33829103"
"2014-09-30","5","1931","84648637"
"2014-09-30","6","1227","67163378"
"2014-09-30","7","1304","81010061"
"2014-09-30","8","2026","196632872"
"2014-09-30","9","1108","171353877"
"2014-09-30","10","1226","286302190"
"2014-09-30","11","1149","435878336"
"2014-09-30","12","766","507973084"
"2014-09-30","13","578","1080509089"
"2014-10-01","0","2411","1046286"
"2014-10-01","1","2230","3321112"
"2014-10-01","2","25681","296006157"
"2014-10-01","3","9653","280493890"
"2014-10-01","4","997","35819656"
"2014-10-01","5","2016","87928464"
"2014-10-01","6","1239","67164304"
"2014-10-01","7","1392","85798375"
"2014-10-01","8","2124","205685615"
"2014-10-01","9","1143","176857787"
"2014-10-01","10","1242","289290310"
"2014-10-01","11","1195","450702709"
"2014-10-01","12","774","514163914"
"2014-10-01","13","560","1048443817"
"2014-10-02","0","2383","863836"
"2014-10-02","1","2197","3127813"
"2014-10-02","2","24206","288181312"
"2014-10-02","3","9617","280726982"
"2014-10-02","4","977","35108968"
"2014-10-02","5","1988","86550439"
"2014-10-02","6","1258","68470237"
"2014-10-02","7","1346","83559095"
"2014-10-02","8","2078","200319549"
"2014-10-02","9","1138","175308913"
"2014-10-02","10","1235","287088406"
"2014-10-02","11","1179","445315032"
"2014-10-02","12","764","507374072"
"2014-10-02","13","565","1059339632"
"2014-10-03","0","2071","923405"
"2014-10-03","1","1857","2876726"
"2014-10-03","2","23831","288866708"
"2014-10-03","3","9510","278205261"
"2014-10-03","4","1005","36264734"
"2014-10-03","5","2000","87533369"
"2014-10-03","6","1248","67866381"
"2014-10-03","7","1344","83649936"
"2014-10-03","8","2058","199468961"
"2014-10-03","9","1102","170797194"
"2014-10-03","10","1224","284781648"
"2014-10-03","11","1174","445165066"
"2014-10-03","12","756","503392418"
"2014-10-03","13","564","1056994385"
"2014-10-04","0","1907","878496"
"2014-10-04","1","1707","2852931"
"2014-10-04","2","23639","289457703"
"2014-10-04","3","9613","281833622"
"2014-10-04","4","992","35783111"
"2014-10-04","5","1948","84924167"
"2014-10-04","6","1253","68311464"
"2014-10-04","7","1352","83897573"
"2014-10-04","8","2061","198591936"
"2014-10-04","9","1119","173802443"
"2014-10-04","10","1235","287245536"
"2014-10-04","11","1161","441169837"
"2014-10-04","12","757","502657528"
"2014-10-04","13","561","1045824164"
"2014-10-05","0","1937","991617"
"2014-10-05","1","1724","2750000"
"2014-10-05","2","23335","289180725"
"2014-10-05","3","9599","282080174"
"2014-10-05","4","978","35802299"
"2014-10-05","5","1960","85885886"
"2014-10-05","6","1253","68165565"
"2014-10-05","7","1356","84158236"
"2014-10-05","8","2077","200708284"
"2014-10-05","9","1118","173471745"
"2014-10-05","10","1229","286140141"
"2014-10-05","11","1144","434084750"
"2014-10-05","12","744","494850650"
"2014-10-05","13","558","1055755385"
"2014-10-06","0","2254","962924"
"2014-10-06","1","1744","2896281"
"2014-10-06","2","24905","297686933"
"2014-10-06","3","9710","285982224"
"2014-10-06","4","1000","36461823"
"2014-10-06","5","1930","84932771"
"2014-10-06","6","1255","69199745"
"2014-10-06","7","1360","84856947"
"2014-10-06","8","2090","202476314"
"2014-10-06","9","1100","171286851"
"2014-10-06","10","1245","289878791"
"2014-10-06","11","1159","439466720"
"2014-10-06","12","767","509926900"
"2014-10-06","13","562","1060352438"
"2014-10-07","0","2444","941606"
"2014-10-07","1","2063","3026433"
"2014-10-07","2","22779","292642709"
"2014-10-07","3","9632","285182608"
"2014-10-07","4","991","36396676"
"2014-10-07","5","1964","86553489"
"2014-10-07","6","1264","69391687"
"2014-10-07","7","1366","85587282"
"2014-10-07","8","2072","201653109"
"2014-10-07","9","1119","174064446"
"2014-10-07","10","1242","288996813"
"2014-10-07","11","1175","446382335"
"2014-10-07","12","764","509314500"
"2014-10-07","13","562","1056020738"
"2014-10-08","0","2583","712633"
"2014-10-08","1","1073","1836150"
"2014-10-08","2","17418","264586559"
"2014-10-08","3","9313","278796019"
"2014-10-08","4","938","34910272"
"2014-10-08","5","1922","85991691"
"2014-10-08","6","1238","68258466"
"2014-10-08","7","1312","83152538"
"2014-10-08","8","2057","199622568"
"2014-10-08","9","1104","172002487"
"2014-10-08","10","1219","285508048"
"2014-10-08","11","1156","440418738"
"2014-10-08","12","765","509396634"
"2014-10-08","13","562","1064225495"
"2014-10-09","0","2958","780897"
"2014-10-09","1","1106","1868507"
"2014-10-09","2","16439","263180032"
"2014-10-09","3","9298","278811157"
"2014-10-09","4","965","35394857"
"2014-10-09","5","1918","85379612"
"2014-10-09","6","1220","67024085"
"2014-10-09","7","1323","83579107"
"2014-10-09","8","2058","199413259"
"2014-10-09","9","1110","172941434"
"2014-10-09","10","1224","286174054"
"2014-10-09","11","1151","437904173"
"2014-10-09","12","755","502487203"
"2014-10-09","13","568","1064635776"
"2014-10-10","0","2651","769827"
"2014-10-10","1","1046","1721749"
"2014-10-10","2","16255","259845457"
"2014-10-10","3","9190","276948595"
"2014-10-10","4","947","35180445"
"2014-10-10","5","1935","85982201"
"2014-10-10","6","1213","66670713"
"2014-10-10","7","1321","83438450"
"2014-10-10","8","2012","196509251"
"2014-10-10","9","1087","170181784"
"2014-10-10","10","1207","281573456"
"2014-10-10","11","1151","438179768"
"2014-10-10","12","760","506033191"
"2014-10-10","13","565","1069946209"
"2014-10-11","0","2768","706286"
"2014-10-11","1","1110","1767411"
"2014-10-11","2","16209","259287788"
"2014-10-11","3","9123","275488795"
"2014-10-11","4","935","34802461"
"2014-10-11","5","1897","85150838"
"2014-10-11","6","1202","66784305"
"2014-10-11","7","1289","81260084"
"2014-10-11","8","2011","197114093"
"2014-10-11","9","1079","169214722"
"2014-10-11","10","1192","279613942"
"2014-10-11","11","1131","431706998"
"2014-10-11","12","749","498572727"
"2014-10-11","13","563","1061340272"
"2014-10-12","0","3005","918486"
"2014-10-12","1","1451","2214154"
"2014-10-12","2","16772","261756343"
"2014-10-12","3","9090","274902769"
"2014-10-12","4","931","34705445"
"2014-10-12","5","1871","83819791"
"2014-10-12","6","1220","67321641"
"2014-10-12","7","1270","80608812"
"2014-10-12","8","1979","194467886"
"2014-10-12","9","1052","164722425"
"2014-10-12","10","1190","278838498"
"2014-10-12","11","1133","432975287"
"2014-10-12","12","749","500434066"
"2014-10-12","13","558","1051845278"
"2014-10-13","0","3084","1041074"
"2014-10-13","1","1172","1916332"
"2014-10-13","2","17994","267093229"
"2014-10-13","3","9077","273880015"
"2014-10-13","4","933","34754289"
"2014-10-13","5","1916","85511523"
"2014-10-13","6","1217","67392806"
"2014-10-13","7","1269","80582324"
"2014-10-13","8","1983","194917296"
"2014-10-13","9","1072","167537001"
"2014-10-13","10","1205","282680026"
"2014-10-13","11","1150","438141085"
"2014-10-13","12","758","507405005"
"2014-10-13","13","562","1065921184"
"2014-10-14","0","2540","852842"
"2014-10-14","1","1106","2091703"
"2014-10-14","2","16749","263668914"
"2014-10-14","3","9084","274739036"
"2014-10-14","4","933","34712282"
"2014-10-14","5","1902","84860549"
"2014-10-14","6","1217","67697023"
"2014-10-14","7","1259","80451423"
"2014-10-14","8","2020","197921713"
"2014-10-14","9","1078","168327413"
"2014-10-14","10","1186","279252972"
"2014-10-14","11","1138","433455104"
"2014-10-14","12","768","514144243"
"2014-10-14","13","565","1067032900"
"2014-10-15","0","2328","850462"
"2014-10-15","1","1117","1997963"
"2014-10-15","2","16781","260673475"
"2014-10-15","3","9012","273111991"
"2014-10-15","4","935","35051566"
"2014-10-15","5","1900","85244474"
"2014-10-15","6","1199","66317107"
"2014-10-15","7","1285","82206709"
"2014-10-15","8","2006","196836109"
"2014-10-15","9","1057","165309296"
"2014-10-15","10","1200","281421830"
"2014-10-15","11","1128","430451464"
"2014-10-15","12","763","510728370"
"2014-10-15","13","566","1056478193"
"2014-10-16","0","2227","791649"
"2014-10-16","1","1091","1961698"
"2014-10-16","2","16697","257331128"
"2014-10-16","3","8934","272108889"
"2014-10-16","4","917","34481784"
"2014-10-16","5","1869","83870502"
"2014-10-16","6","1208","66944270"
"2014-10-16","7","1267","81027042"
"2014-10-16","8","1971","193734211"
"2014-10-16","9","1059","166164015"
"2014-10-16","10","1188","279304326"
"2014-10-16","11","1127","429885678"
"2014-10-16","12","750","503346760"
"2014-10-16","13","557","1050776702"
"2014-10-17","0","2052","673521"
"2014-10-17","1","1060","1792786"
"2014-10-17","2","16248","250941762"
"2014-10-17","3","8620","265092461"
"2014-10-17","4","885","33460663"
"2014-10-17","5","1818","82164805"
"2014-10-17","6","1156","64614360"
"2014-10-17","7","1212","77983872"
"2014-10-17","8","1939","190922461"
"2014-10-17","9","1014","160123651"
"2014-10-17","10","1151","271493358"
"2014-10-17","11","1103","423291088"
"2014-10-17","12","730","489598347"
"2014-10-17","13","535","1000126817"
"2014-10-18","0","1726","892367"
"2014-10-18","1","1317","2456616"
"2014-10-18","2","17090","267767984"
"2014-10-18","3","8740","275147570"
"2014-10-18","4","895","34659552"
"2014-10-18","5","1841","84977407"
"2014-10-18","6","1168","66808874"
"2014-10-18","7","1225","80049990"
"2014-10-18","8","1925","192719052"
"2014-10-18","9","1004","159568534"
"2014-10-18","10","1165","277132325"
"2014-10-18","11","1090","421053133"
"2014-10-18","12","730","491768346"
"2014-10-18","13","536","1006487178"
"2014-10-19","0","2043","854632"
"2014-10-19","1","1196","2240937"
"2014-10-19","2","17033","269518483"
"2014-10-19","3","8736","278239670"
"2014-10-19","4","899","35181130"
"2014-10-19","5","1818","84741437"
"2014-10-19","6","1145","66341334"
"2014-10-19","7","1195","78617403"
"2014-10-19","8","1904","191067111"
"2014-10-19","9","997","160096500"
"2014-10-19","10","1145","274254042"
"2014-10-19","11","1087","420975253"
"2014-10-19","12","734","493971837"
"2014-10-19","13","533","1028034559"
"2014-10-20","0","1906","866213"
"2014-10-20","1","1030","1973333"
"2014-10-20","2","17826","274587098"
"2014-10-20","3","8775","278804741"
"2014-10-20","4","915","35967890"
"2014-10-20","5","1856","86621380"
"2014-10-20","6","1143","66133489"
"2014-10-20","7","1188","78273508"
"2014-10-20","8","1934","193940145"
"2014-10-20","9","1015","161726226"
"2014-10-20","10","1168","278394618"
"2014-10-20","11","1099","424686168"
"2014-10-20","12","743","501283789"
"2014-10-20","13","540","1033390669"
"2014-10-21","0","1450","677349"
"2014-10-21","1","896","1753029"
"2014-10-21","2","15628","260779771"
"2014-10-21","3","8640","276604467"
"2014-10-21","4","874","34647070"
"2014-10-21","5","1793","84755674"
"2014-10-21","6","1127","64915931"
"2014-10-21","7","1210","79369136"
"2014-10-21","8","1923","193570024"
"2014-10-21","9","1022","162570501"
"2014-10-21","10","1158","275934518"
"2014-10-21","11","1088","419921302"
"2014-10-21","12","746","503263415"
"2014-10-21","13","547","1041504909"
"2014-10-22","0","1768","1241734"
"2014-10-22","1","1848","3300330"
"2014-10-22","2","19578","285258469"
"2014-10-22","3","8985","283953797"
"2014-10-22","4","912","35940991"
"2014-10-22","5","1873","86723512"
"2014-10-22","6","1163","66606285"
"2014-10-22","7","1244","81000455"
"2014-10-22","8","1984","198901257"
"2014-10-22","9","1040","164627627"
"2014-10-22","10","1181","280542207"
"2014-10-22","11","1102","424884212"
"2014-10-22","12","748","505995048"
"2014-10-22","13","548","1050938696"
"2014-10-23","0","1397","714189"
"2014-10-23","1","1206","2381987"
"2014-10-23","2","16597","264479697"
"2014-10-23","3","8844","281133127"
"2014-10-23","4","925","36232789"
"2014-10-23","5","1872","86883993"
"2014-10-23","6","1163","66539191"
"2014-10-23","7","1224","80088245"
"2014-10-23","8","1943","194704943"
"2014-10-23","9","1017","161300141"
"2014-10-23","10","1164","276907994"
"2014-10-23","11","1077","414440894"
"2014-10-23","12","746","503907425"
"2014-10-23","13","551","1045287836"
"2014-10-24","0","1192","546596"
"2014-10-24","1","959","1739599"
"2014-10-24","2","15749","254960795"
"2014-10-24","3","8817","278239822"
"2014-10-24","4","909","36045043"
"2014-10-24","5","1818","84414885"
"2014-10-24","6","1141","66229376"
"2014-10-24","7","1216","79810351"
"2014-10-24","8","1951","196296181"
"2014-10-24","9","1012","160306704"
"2014-10-24","10","1162","276456144"
"2014-10-24","11","1078","415380518"
"2014-10-24","12","739","498724828"
"2014-10-24","13","543","1027552273"
"2014-10-25","0","1491","631765"
"2014-10-25","1","1061","1681876"
"2014-10-25","2","15800","255584485"
"2014-10-25","3","8825","277870668"
"2014-10-25","4","940","37172092"
"2014-10-25","5","1818","84757069"
"2014-10-25","6","1135","65545397"
"2014-10-25","7","1219","79042079"
"2014-10-25","8","1943","196071112"
"2014-10-25","9","1004","159049663"
"2014-10-25","10","1153","274191574"
"2014-10-25","11","1061","409258580"
"2014-10-25","12","746","502571700"
"2014-10-25","13","551","1051289331"
"2014-10-26","0","1374","567710"
"2014-10-26","1","978","1671027"
"2014-10-26","2","15669","253089709"
"2014-10-26","3","8831","277654693"
"2014-10-26","4","929","36475187"
"2014-10-26","5","1854","85856377"
"2014-10-26","6","1111","64919435"
"2014-10-26","7","1205","79103340"
"2014-10-26","8","1948","195455304"
"2014-10-26","9","999","157776810"
"2014-10-26","10","1161","275515912"
"2014-10-26","11","1067","410212343"
"2014-10-26","12","733","494620038"
"2014-10-26","13","544","1042235661"
"2014-10-27","0","1862","700050"
"2014-10-27","1","1092","1681523"
"2014-10-27","2","16871","260511848"
"2014-10-27","3","8864","279063063"
"2014-10-27","4","953","37769418"
"2014-10-27","5","1837","84933460"
"2014-10-27","6","1133","65072987"
"2014-10-27","7","1207","78874564"
"2014-10-27","8","1967","197351514"
"2014-10-27","9","1009","159599394"
"2014-10-27","10","1160","275790687"
"2014-10-27","11","1074","413251764"
"2014-10-27","12","737","496813212"
"2014-10-27","13","556","1066634065"
"2014-10-28","0","13808","1358921"
"2014-10-28","1","4121","3212132"
"2014-10-28","2","22337","279191096"
"2014-10-28","3","9310","286275222"
"2014-10-28","4","990","38257748"
"2014-10-28","5","1922","87738835"
"2014-10-28","6","1175","66829673"
"2014-10-28","7","1272","81861593"
"2014-10-28","8","2031","201586512"
"2014-10-28","9","1046","165924574"
"2014-10-28","10","1179","280102994"
"2014-10-28","11","1093","417348861"
"2014-10-28","12","754","508683163"
"2014-10-28","13","546","1033611678"
"2014-10-29","0","7772","867711"
"2014-10-29","1","2725","2560459"
"2014-10-29","2","22549","278485236"
"2014-10-29","3","9242","284509557"
"2014-10-29","4","989","38057965"
"2014-10-29","5","1901","87508709"
"2014-10-29","6","1176","67114482"
"2014-10-29","7","1271","81596553"
"2014-10-29","8","2017","201179632"
"2014-10-29","9","1040","163730142"
"2014-10-29","10","1183","279253226"
"2014-10-29","11","1083","412281998"
"2014-10-29","12","759","509380858"
"2014-10-29","13","555","1055981024"
"2014-10-30","0","4344","825085"
"2014-10-30","1","1952","2293518"
"2014-10-30","2","20563","272727439"
"2014-10-30","3","9235","285867779"
"2014-10-30","4","980","38044618"
"2014-10-30","5","1914","87774976"
"2014-10-30","6","1177","66479802"
"2014-10-30","7","1223","79376839"
"2014-10-30","8","1987","198250153"
"2014-10-30","9","1028","162892130"
"2014-10-30","10","1174","277589297"
"2014-10-30","11","1070","407670424"
"2014-10-30","12","768","516044529"
"2014-10-30","13","547","1060584346"
"2014-10-31","0","2820","673732"
"2014-10-31","1","1636","2218369"
"2014-10-31","2","19896","268878318"
"2014-10-31","3","9095","281005275"
"2014-10-31","4","971","37653184"
"2014-10-31","5","1874","86344870"
"2014-10-31","6","1174","66964376"
"2014-10-31","7","1240","80791182"
"2014-10-31","8","2004","199874285"
"2014-10-31","9","1017","160510345"
"2014-10-31","10","1160","275786698"
"2014-10-31","11","1042","397796063"
"2014-10-31","12","758","510343068"
"2014-10-31","13","555","1068890664"
